区县,七普常住人口_人,房地产开发投资2023_万元,房地产开发投资2024_万元,房产投资份额,人口份额,合成供给份额,2024产生量估算_万吨(基准),2024低值(x0.7),2024高值(x1.3),2025产生量估算_万吨(基准),2025低值(x0.7),2025高值(x1.3),校核备注
新城区,699672,789705,695481,26.7%,21.1%,23.9%,117.7,82.4,153.0,61.3,42.9,79.7,
回民区,436042,113799,409360,15.7%,13.2%,14.5%,71.1,49.8,92.4,37.0,25.9,48.1,增速校核一致
玉泉区,524573,318396,421147,16.2%,15.8%,16.0%,78.8,55.1,102.4,41.0,28.7,53.3,增速校核一致
赛罕区,885321,697920,903296,34.7%,26.7%,30.7%,151.2,105.8,196.5,78.7,55.1,102.3,2023按增速回推697920（印刷值疑为631920的排版差异），2024=903296与29.4%一致
土默特左旗,263131,101438,106104,4.1%,7.9%,6.0%,29.6,20.7,38.5,15.4,10.8,20.0,2023按增速回推101438（印刷值84000与增速矛盾），2024=106104一致
托克托县,166192,27307,17984,0.7%,5.0%,2.9%,14.0,9.8,18.3,7.3,5.1,9.5,与县公报17984万完全一致
和林格尔县,162476,34471,21025,0.8%,4.9%,2.9%,14.1,9.8,18.3,7.3,5.1,9.5,
清水河县,76674,9875,19223,0.7%,2.3%,1.5%,7.5,5.3,9.8,3.9,2.7,5.1,
武川县,95869,5806,8230,0.3%,2.9%,1.6%,7.9,5.5,10.3,4.1,2.9,5.3,
