,G1_新城区,G2_回民区,G3_玉泉区,G4_赛罕区,G5_土默特左旗,G6_托克托县,G7_和林格尔县,G8_清水河县,G9_武川县,新城区装修垃圾分拣中心,回民区装修垃圾分拣中心,玉泉装修垃圾分拣中心,赛罕装修垃圾分拣中心,和林格尔县装修垃圾分拣中心,托克托县装修垃圾分拣中心,清水河县装修垃圾分拣中心,武川县装修垃圾分拣中心,强鑫资源化利用项目,亿友资源化利用项目,路雅资源化利用项目,土左旗城发物资再生资源利用有限公司,大里堡建筑垃圾消纳场,大厂库伦建筑垃圾消纳场,茂林太建筑垃圾消纳场,和林格尔县建筑垃圾消纳场,托克托县建筑垃圾消纳场,武川县建筑垃圾消纳场,黑沙图建筑垃圾消纳场,赛罕区长维建筑垃圾分拣中心
G1_新城区,0,14.31,16.62,11.23,54.53,87.32,67.29,126.2,45.26,9.74,16.49,30.8,10.37,35.05,80.11,126.2,45.26,30.8,30.04,18.29,56.32,37.38,15.78,37.46,75.79,80.11,44.64,23.34,20.92
G2_回民区,16.27,0,9.99,14.11,47.43,74.55,60.74,119.66,43.1,5.56,5.04,18.03,22.83,42.76,67.33,119.66,43.1,18.03,22.93,33.38,49.22,30.28,28.25,24.69,69.24,67.33,42.48,35.81,24.8
G3_玉泉区,16.79,9.32,0,7.94,54.56,74.56,46.05,104.96,50.07,15.09,14.69,14.45,28.59,27.58,67.35,104.96,50.07,14.45,29.14,18.59,56.34,36.49,22.9,13.79,54.55,67.35,49.45,32.49,9.62
G4_赛罕区,11.81,10.4,6.88,0,60.11,80.02,52.87,111.78,47.37,7.05,16.98,23.5,21.44,31.46,72.8,111.78,47.37,23.5,28.8,19.41,61.89,42.04,16.52,20.61,61.37,72.8,46.75,30.27,13.51
G5_土默特左旗,57.0,46.48,55.99,58.45,0,61.65,95.3,137.16,79.33,48.3,40.14,47.21,63.56,77.31,57.47,137.16,79.33,47.21,25.86,67.94,3.22,20.3,68.97,53.87,103.8,57.47,78.72,76.53,59.35
G6_托克托县,88.86,74.69,77.2,79.66,61.45,0,64.62,80.11,115.3,80.16,72.71,59.75,95.42,93.88,9.58,80.11,115.3,59.75,62.42,89.26,58.86,61.63,92.33,65.38,72.04,9.58,114.68,103.16,80.67
G7_和林格尔县,62.0,59.7,46.15,55.76,96.77,64.38,0,62.27,100.45,59.89,60.08,52.84,70.72,37.66,68.22,62.27,100.45,52.84,71.36,60.72,98.56,78.7,65.03,46.41,9.63,68.22,99.83,74.62,50.4
G8_清水河县,121.09,118.78,105.23,114.85,136.85,79.76,62.34,0,159.53,118.97,119.16,111.92,129.8,96.52,89.58,0.0,159.53,111.92,130.44,119.8,134.26,137.79,124.11,105.5,65.02,89.58,158.91,133.7,109.48
G9_武川县,47.49,42.56,49.65,46.89,79.71,114.81,100.96,159.87,0,39.35,45.1,58.29,56.33,75.44,107.6,159.87,0.0,58.29,58.65,62.22,81.49,65.99,55.47,64.96,109.46,107.6,4.61,67.32,57.48
新城区装修垃圾分拣中心,8.69,5.6,9.87,6.29,49.54,82.33,60.65,119.56,39.82,0,11.5,25.81,18.86,36.67,75.12,119.56,39.82,25.81,25.05,23.07,51.33,32.39,16.37,32.48,69.15,75.12,39.2,31.84,18.71
回民区装修垃圾分拣中心,18.42,5.7,13.55,16.01,40.97,71.93,59.54,118.46,45.65,9.73,0,15.41,24.99,43.76,64.72,118.46,45.65,15.41,14.84,31.58,42.76,22.18,30.4,22.08,68.04,64.72,45.03,37.96,25.8
玉泉装修垃圾分拣中心,32.18,18.02,20.52,22.98,49.55,59.56,52.93,111.85,58.63,23.48,16.04,0,38.74,37.19,52.34,111.85,58.63,0.0,24.13,32.59,51.33,31.48,35.65,8.41,61.43,52.34,58.01,46.49,19.23
赛罕装修垃圾分拣中心,12.68,23.14,25.85,20.2,63.37,96.15,70.66,129.58,54.04,18.57,25.32,39.63,0,38.42,88.94,129.58,54.04,39.63,38.87,21.66,65.15,46.21,6.76,38.41,79.16,88.94,53.42,14.32,24.3
和林格尔县装修垃圾分拣中心,33.27,40.99,27.37,29.24,78.07,98.07,37.66,95.37,73.69,33.37,43.73,41.55,38.07,0,90.86,95.37,73.69,41.55,52.65,21.5,79.85,59.99,32.38,30.13,46.22,90.86,73.07,42.67,18.87
托克托县装修垃圾分拣中心,81.48,67.32,69.83,72.29,54.91,9.4,68.28,89.5,107.93,72.79,65.34,52.37,88.04,91.26,0,89.5,107.93,52.37,55.04,81.89,52.32,54.25,84.96,58.01,75.71,0.0,107.31,95.79,73.3
清水河县装修垃圾分拣中心,121.09,118.78,105.23,114.85,136.85,79.76,62.34,0.0,159.53,118.97,119.16,111.92,129.8,96.52,89.58,0,159.53,111.92,130.44,119.8,134.26,137.79,124.11,105.5,65.02,89.58,158.91,133.7,109.48
武川县装修垃圾分拣中心,47.49,42.56,49.65,46.89,79.71,114.81,100.96,159.87,0.0,39.35,45.1,58.29,56.33,75.44,107.6,159.87,0,58.29,58.65,62.22,81.49,65.99,55.47,64.96,109.46,107.6,4.61,67.32,57.48
强鑫资源化利用项目,32.18,18.02,20.52,22.98,49.55,59.56,52.93,111.85,58.63,23.48,16.04,0.0,38.74,37.19,52.34,111.85,58.63,0,24.13,32.59,51.33,31.48,35.65,8.41,61.43,52.34,58.01,46.49,19.23
亿友资源化利用项目,32.07,21.55,29.95,32.41,30.18,60.83,70.8,129.72,59.3,23.38,14.94,22.71,38.63,52.81,53.61,129.72,59.3,22.71,0,43.44,31.97,11.51,44.05,29.37,79.3,53.61,58.68,51.61,34.85
路雅资源化利用项目,17.86,32.85,19.23,18.45,69.93,89.94,61.33,120.24,62.24,26.82,32.47,33.42,21.36,21.68,82.72,120.24,62.24,33.42,44.52,0,71.72,51.86,15.67,29.07,69.83,82.72,61.62,25.96,7.55
土左旗城发物资再生资源利用有限公司,59.66,49.14,58.66,61.12,2.82,58.92,97.96,134.44,82.0,50.96,42.8,49.87,66.22,79.97,54.74,134.44,82.0,49.87,28.53,70.6,0,22.96,71.64,56.53,106.46,54.74,81.38,79.2,62.01
大里堡建筑垃圾消纳场,39.41,28.89,37.29,39.75,21.18,61.38,78.14,137.06,66.64,30.71,22.28,30.05,45.97,60.15,54.16,137.06,66.64,30.05,9.07,50.78,22.96,0,51.39,36.71,86.64,54.16,66.02,58.95,42.19
大厂库伦建筑垃圾消纳场,11.63,25.04,20.75,15.1,65.26,93.31,64.7,123.62,55.89,16.82,27.22,36.79,9.18,32.45,86.1,123.62,55.89,36.79,40.76,15.7,67.04,48.1,0,32.45,73.2,86.1,55.27,14.98,18.33
茂林太建筑垃圾消纳场,38.84,24.68,13.99,23.6,56.21,65.23,46.5,105.42,65.29,30.14,22.7,8.41,45.4,30.13,58.01,105.42,65.29,8.41,30.8,28.55,57.99,38.14,32.86,0,55.01,58.01,64.67,42.45,18.23
和林格尔县建筑垃圾消纳场,70.52,68.21,54.67,64.28,105.29,71.87,9.65,64.95,108.97,68.41,68.59,61.36,79.24,46.23,75.72,64.95,108.97,61.36,79.88,69.23,107.08,87.22,73.55,54.93,0,75.72,108.35,83.13,58.91
托克托县建筑垃圾消纳场,81.48,67.32,69.83,72.29,54.91,9.4,68.28,89.5,107.93,72.79,65.34,52.37,88.04,91.26,0.0,89.5,107.93,52.37,55.04,81.89,52.32,54.25,84.96,58.01,75.71,0,107.31,95.79,73.3
武川县建筑垃圾消纳场,47.99,43.06,50.15,47.39,80.21,115.31,101.45,160.37,4.88,39.85,45.6,58.79,56.83,75.93,108.1,160.37,4.88,58.79,59.15,62.72,81.99,66.49,55.96,65.45,109.96,108.1,0,67.82,57.98
黑沙图建筑垃圾消纳场,24.16,36.97,32.89,29.35,88.71,103.6,74.99,133.91,68.23,32.4,39.15,47.08,16.74,37.11,96.38,133.91,68.23,47.08,52.69,25.98,90.5,60.04,14.98,42.73,83.49,96.38,67.61,0,28.62
赛罕区长维建筑垃圾分拣中心,15.18,22.89,9.27,11.14,59.97,79.97,48.46,107.38,55.59,15.27,25.64,23.45,24.28,18.78,72.76,107.38,55.59,23.45,34.56,7.71,61.75,41.9,18.59,17.93,56.96,72.76,54.97,27.79,0
