instance,method,plan_obj,time_s,oos_mean,oos_std,oos_cv,oos_p50,oos_p95,disappointment_rate,disappointment_mean,budget_exceed_rate,service_fail_rate,unmet_mean_t,recycled_mean_t
real,DET,694212167.720706,0.15092992782592773,890559383.4656084,486117719.714335,0.5458566028720172,709533417.064363,2203155911.4800005,0.5470953186689226,233482220.0032506,0.5470953186689226,0.46926113931190055,432826.54891063925,3610244.8535785642
real,SAA,808934229.0107698,13.542545080184937,801204108.5714488,145295120.71702024,0.18134595062933742,785448779.7297001,1152167057.6377406,0.3812746756909193,42351308.57556309,0.8787366046249292,0.0,0.0,3896649.482713323
real,DRO(0.05),824470100.2099316,12.786596775054932,806416937.9812989,143069226.1734303,0.17741346868479108,791630181.9892637,1150516388.9589171,0.22278623801466435,38753942.22958223,0.8821206993795823,0.0,0.0,3856223.9308618684
real,DRO(0.10),867475923.7605718,12.915233135223389,812743358.6527064,142578659.26974046,0.17542888262550022,798198630.3955857,1155264331.8647997,0.134799774393683,32249224.014977504,0.8821206993795823,0.0,0.0,3852196.536706938
real,DRO(0.20),1053343441.2542559,13.762907981872559,814943358.6527063,142578659.26974046,0.17495529935412524,800398630.3955857,1157464331.8647997,0.11111111111111108,11568987.84561598,0.8855047941342353,0.0,0.0,3852196.536706938
real,ROB,1073851398.3406396,1.160027265548706,794732980.2735565,150182244.29302236,0.1889719541289552,777723509.1581864,1161622544.88,0.11111111111111108,9752349.6154845,0.875352509870276,0.11111111111111108,3411.11111111111,3897573.4257615684
batch1,DET,669146186.1972086,0.13234496116638184,865584643.5159199,489177270.34730256,0.565140883692567,683280335.7519214,2189456790.4727254,0.5437112239142694,233262184.09474355,0.5437112239142694,0.4726452340665537,435050.67041993665,3704707.1301084156
batch1,SAA,786876679.2926065,12.891077995300293,781799983.9107637,135752614.28456232,0.17364110652125236,766175500.2610371,1113345486.9155452,0.37789058093626615,39714850.55119731,0.8888888888888885,0.0,0.0,4222778.52064222
batch1,DRO(0.05),803075506.9563144,13.105400085449219,788558017.9584086,131776684.08428782,0.16711095579937177,774464943.1931236,1107337966.210268,0.23293852227862372,35862942.20161652,0.8888888888888885,0.0,0.0,4183812.3471014677
batch1,DRO(0.10),842942539.9870787,13.086406946182251,794456554.2491713,130107548.2233335,0.1637692426696588,781064943.1931236,1107730489.425086,0.12803158488437674,29563515.147189446,0.8888888888888885,0.0,0.0,4181519.9228478293
batch1,DRO(0.20),1018943349.2876163,13.364767074584961,796656554.2491711,130107548.2233335,0.16331698713752077,783264943.1931236,1109930489.425086,0.11111111111111108,10109682.237496639,0.8888888888888885,0.0,0.0,4181519.9228478293
batch1,ROB,1034448679.128371,1.1505012512207031,779472165.1316117,134024001.74464299,0.171941998367592,764508334.7621527,1105405989.368319,0.11111111111111108,7884145.582216446,0.8888888888888885,0.0,0.0,4206110.081774602
batch2,DET,718322378.2642444,0.13526296615600586,934087699.4191132,505207785.66630876,0.5408569088111164,736761527.0017182,2290428130.794251,0.5470953186689226,253596633.0297712,0.5470953186689226,0.5031020868584319,512496.14454441046,3506789.036837907
batch2,SAA,831860312.9525739,13.089423179626465,824389211.4427273,142315064.23127607,0.17263091541702338,808719814.7887924,1164694386.212672,0.374506486181613,41324437.416508876,0.8821206993795823,0.0,0.0,3866433.5386948707
batch2,DRO(0.05),847765204.5237023,13.26669192314148,830209182.1296184,134713258.510049,0.1622642358212518,817601807.9318395,1145593708.4368799,0.23293852227862372,35683868.012852356,0.8888888888888885,0.0,0.0,3824983.4389730827
batch2,DRO(0.10),888195937.2275681,13.302587270736694,835343261.2795258,133275771.10736142,0.15954611389719964,823128948.0884534,1146480539.1550467,0.134799774393683,28953267.097471308,0.8888888888888885,0.0,0.0,3804324.0728465477
batch2,DRO(0.20),1065313864.3447511,13.274547100067139,837543261.2795256,133275771.10736142,0.1591270293354809,825328948.0884534,1148680539.1550467,0.11111111111111108,9262963.867810618,0.8888888888888885,0.0,0.0,3804324.0728465477
batch2,ROB,1073302334.7178198,1.139892816543579,822724832.8819222,136642551.401397,0.1660853616424241,809487906.6703494,1143938788.8070848,0.11111111111111108,7848494.898807218,0.8821206993795823,0.0,0.0,3866335.749778962
batch3,DET,693184847.594713,0.1447772979736328,873856328.5814002,476326873.8746155,0.5450860264957679,716039323.9556712,2162264688.129273,0.5707839819514945,219622219.11253595,0.5707839819514945,0.4388042865200224,391000.7118868055,3674720.3807160202
batch3,SAA,807413563.873954,13.388536930084229,801240796.316087,161848945.0885866,0.20199788357348905,787219150.4207526,1198428301.0769355,0.28369994359842066,48527681.031721145,0.8652002256063167,0.0,0.0,3890427.086793986
batch3,DRO(0.05),826327333.526418,13.336651086807251,809407349.6240594,153090721.68222067,0.18913927795852828,798027015.2985759,1179588522.0573442,0.23970671178792996,42880658.99256452,0.8821206993795823,0.0,0.0,3860526.457604197
batch3,DRO(0.10),870588046.7395378,13.50549030303955,815444793.6123431,152335388.13651797,0.18681263198908493,804349380.7557317,1183422060.7586768,0.1517202481669486,35294637.00839446,0.8821206993795823,0.0,0.0,3844657.187818304
batch3,DRO(0.20),1060026620.0607435,13.952935218811035,817644793.6123431,152335388.13651797,0.18630998365867701,806549380.7557317,1185622060.7586768,0.11111111111111108,13955048.96643703,0.8821206993795823,0.0,0.0,3844657.187818304
batch3,ROB,1097042082.0267224,1.1922900676727295,796654562.2405005,159607483.15958723,0.20034716516366807,783132411.768236,1187278138.7688148,0.11111111111111108,10026228.52689915,0.8652002256063167,0.11111111111111108,3411.1111111111422,3906866.878810661
batch4,DET,740705765.0564799,0.14652490615844727,918793039.4452969,486573346.88028103,0.5295788343956546,752439328.083971,2233647615.5746746,0.5504794134235758,220984347.39437863,0.5504794134235758,0.43203609701071616,424942.57428983174,3572015.873136425
batch4,SAA,859295638.4372505,13.546982288360596,848272751.3443526,150342540.85769868,0.17723372655721176,835369562.0881124,1193650947.8984046,0.37789058093626615,42235191.26894813,0.8787366046249292,0.0,0.0,3870967.921320541
batch4,DRO(0.05),873060838.0200732,13.657094240188599,850496203.3378716,145449252.81306937,0.17101693369380935,839703063.5350063,1179806518.8260067,0.3271291596164692,36686560.06659587,0.8787366046249292,0.0,0.0,3850052.888640802
batch4,DRO(0.10),917703933.1703881,13.724308013916016,857549064.8366724,145807834.5469513,0.17002856224293317,846245170.9863061,1188535787.1047623,0.13141567963902986,30365666.85052659,0.8821206993795823,0.0,0.0,3808222.823281325
batch4,DRO(0.20),1103398414.2650142,13.78047800064087,864586979.5716776,144987552.2286613,0.1676957387219608,853645170.9863061,1192678870.8194375,0.11111111111111108,9920050.728269257,0.8855047941342353,0.0,0.0,3808222.8232813245
batch4,ROB,1116999653.5401335,1.15004301071167,844078209.6491427,149362389.91396758,0.17695325884085186,832121995.371845,1185673582.437839,0.11111111111111108,7630436.544189503,0.8787366046249292,0.11111111111111108,3411.1111111110163,3887869.8821048546
batch5,DET,689187417.584057,0.13641881942749023,876784888.8041425,479026198.79186136,0.5463440404923162,707817235.6034083,2176111502.194401,0.5504794134235758,224490936.8617372,0.5504794134235758,0.4624929498025943,411513.6928883093,3657839.4470424894
batch5,SAA,807584520.3944237,13.304873943328857,798566233.2246715,144237573.62860522,0.18062067694267872,784809162.7396581,1144833155.7324457,0.37789058093626615,41553172.81008427,0.8787366046249292,0.0,0.0,3892936.343506924
batch5,DRO(0.05),820380788.5253674,13.511933088302612,800106348.3313031,138887379.98709843,0.17358614923723714,788622687.0319927,1130341106.432547,0.20586576424139869,36481213.448468216,0.8888888888888885,0.0,0.0,3869469.864487465
batch5,DRO(0.10),865177292.8127298,13.51553988456726,809438348.6943702,136644653.06824258,0.16881415772881453,799257157.5932122,1132851126.860559,0.134799774393683,29940514.346173164,0.8888888888888885,0.0,0.0,3818459.221532292
batch5,DRO(0.20),1057236095.4989562,13.412751197814941,817262229.7076259,138323638.4234117,0.16925245459207963,806054295.7328825,1146173399.7898965,0.11111111111111108,9881922.698993362,0.8888888888888885,0.0,0.0,3814295.0700938664
batch5,ROB,1057602802.8192327,1.1089856624603271,796933079.8277645,162558911.88248855,0.2039806302401467,775947557.680136,1203311078.5633616,0.11111111111111108,16189808.416014321,0.875352509870276,0.11111111111111108,27500.000000000367,3893523.070004235
batch6,DET,689833011.6748035,0.12996196746826172,910462108.6162865,506322197.9856988,0.5561156177660194,723429321.502406,2255693816.3770685,0.5470953186689226,260966816.69102582,0.5470953186689226,0.5166384658770444,510957.7376255594,3452286.421742774
batch6,SAA,802593359.034002,12.588628053665161,801157209.6557302,155691296.09903672,0.19433301507196035,789487328.1411157,1174796367.4570312,0.4421883812746755,49434271.400009565,0.8652002256063167,0.0,0.0,3869848.6902926816
batch6,DRO(0.05),818485199.2261921,12.571665048599243,804794824.8690721,151137569.67113516,0.18779639853638838,794423117.6515944,1164750752.575517,0.2735476593344613,43113251.94338438,0.8787366046249292,0.0,0.0,3869848.6902926816
batch6,DRO(0.10),867353266.9378364,12.69358491897583,818093561.260745,148054187.52388024,0.18097463974134861,808983313.2076163,1168525283.7743402,0.16525662718556114,34653154.591984615,0.8821206993795823,0.0,0.0,3810512.916844936
batch6,DRO(0.20),1056094161.971187,12.870083093643188,822298859.8053629,149849481.3990967,0.182232383776582,812647658.4483855,1178082414.681059,0.11111111111111108,13554250.301096871,0.8821206993795823,0.0,0.0,3810512.9168449366
batch6,ROB,1084058802.3474479,1.083556890487671,798816060.4152366,152592990.06825107,0.19102393858847924,787823117.6515944,1163627195.5498092,0.11111111111111108,8840932.578040147,0.8652002256063167,0.0,0.0,3869879.7657559365
batch7,DET,713160326.8215654,0.1765429973602295,890099782.7847656,467930357.5768952,0.5257055069858894,729581463.1129847,2149569201.4006033,0.5538635081782289,216336611.0995655,0.5538635081782289,0.4726452340665537,401554.5029896214,3579722.33921538
batch7,SAA,817312451.4221153,12.615033864974976,820211636.116097,155308695.66545564,0.1893519779856823,800022746.5289509,1195837949.6381772,0.41849971799210367,49730176.20155613,0.8787366046249292,0.0,0.0,3901659.251437314
batch7,DRO(0.05),831163882.4427372,12.861999988555908,823681565.8814994,141005120.07417345,0.17118887433552135,809658678.7646109,1153987487.7279794,0.3846587704455724,41380023.23514948,0.8821206993795823,0.0,0.0,3836054.0548127205
batch7,DRO(0.10),872144520.0726519,13.011956930160522,829185646.4663529,139448477.54954574,0.16817521883527242,815755707.6870468,1154568174.053339,0.16187253243090802,32411136.60266825,0.8821206993795823,0.0,0.0,3820806.711795845
batch7,DRO(0.20),1047810036.4214414,13.173138856887817,831385646.466353,139448477.54954574,0.1677301961397157,817955707.6870468,1156768174.053339,0.11111111111111108,12106459.736877505,0.8821206993795823,0.0,0.0,3820806.711795845
batch7,ROB,1085591390.8459888,1.1244988441467285,815192246.4713213,152122147.18128827,0.18660892303597243,796902268.2912093,1180990552.1015856,0.11111111111111108,10599906.806177428,0.8787366046249292,0.11111111111111108,3411.1111111116147,3890654.4961928087
batch8,DET,690505605.256813,0.11648774147033691,858621826.9757487,471684411.5670269,0.5493505950441548,700443345.6388015,2151247388.0994463,0.5640157924421885,204106779.2513866,0.5640157924421885,0.37789058093626615,382783.69586251496,3672057.999847438
batch8,SAA,798422416.2196394,12.661432027816772,797794528.2594755,134266312.27278683,0.1682968577958433,791195916.2042109,1105823886.847434,0.4421883812746755,41556569.495003074,0.8821206993795823,0.0,0.0,3879581.302169351
batch8,DRO(0.05),816273212.1954539,12.767273902893066,805629019.8861154,127841455.27986367,0.1586852659527278,801098981.6697587,1092556904.9203,0.3880428652002255,35571458.90961711,0.8855047941342353,0.0,0.0,3838592.811863119
batch8,DRO(0.10),857491981.7248418,12.890010118484497,813004410.40835,128834843.91822325,0.1584675830399407,808272648.9020754,1103026879.1315026,0.14833615341229547,27721816.861967783,0.8888888888888885,0.0,0.0,3803205.7092998973
batch8,DRO(0.20),1020584663.9681958,12.961173057556152,817642619.0250561,127586865.09274897,0.15604233698688735,813472648.9020754,1103237522.7401261,0.11111111111111108,9183650.974658923,0.8888888888888885,0.0,0.0,3803205.7092998973
batch8,ROB,1032362435.417989,1.090785026550293,800841617.0906227,148647277.71833816,0.18561382743614002,788285370.3696855,1157384993.951233,0.11111111111111108,13891395.392582651,0.8821206993795823,0.11111111111111108,19944.44444444418,3897947.315241247
batch9,DET,741763224.0261792,0.13504815101623535,925428666.6843534,476333232.48760694,0.5147163143262293,753213716.0516728,2199377899.3660107,0.5572476029328821,226754596.09783185,0.5572476029328821,0.3784545967287083,405337.7684507725,3567413.40375348
batch9,SAA,848630639.0402235,12.620871305465698,848544384.3571742,155462907.88809103,0.18321128600228023,835415348.0709406,1213965976.4044564,0.44895657078398177,49178751.655845076,0.875352509870276,0.0,0.0,3888660.4516040618
batch9,DRO(0.05),863590356.7570719,12.708744049072266,852170485.4023184,149284301.54625556,0.17518126255660793,841664609.0900856,1197763559.800622,0.3981951494641849,42683599.34300348,0.875352509870276,0.0,0.0,3846830.386244585
batch9,DRO(0.10),906636937.2196785,12.665228128433228,859242872.0901761,146676822.0823024,0.17070472953182544,849698834.0028751,1196351992.0429888,0.15848843767625484,33128960.226708442,0.875352509870276,0.0,0.0,3805000.320885108
batch9,DRO(0.20),1089880664.8720407,12.85165810585022,867351032.4845378,148178929.15422612,0.17084078257192561,856969860.7453122,1209376490.5770216,0.11111111111111108,13277313.96722009,0.8855047941342353,0.0,0.0,3805000.320885108
batch9,ROB,1115314173.3679464,1.0875201225280762,841955138.0733385,149046918.44586027,0.17702477448730472,831660334.9722462,1186211494.8087013,0.11111111111111108,7877480.160083874,0.8685843203609698,0.0,0.0,3888660.4516040618
batch10,DET,689074765.4283177,0.13545703887939453,907314189.9387932,506486513.722479,0.5582261573101224,706046633.3820221,2259754576.6546164,0.5437112239142694,257193398.81757036,0.5437112239142694,0.49971799210377876,504790.7170949882,3542398.043091195
batch10,SAA,794954446.3790326,12.48937702178955,798970790.3847675,142956040.51592475,0.17892524011682595,790926782.9688697,1135185946.7653687,0.4591088550479412,48135734.48660355,0.875352509870276,0.0,0.0,3928003.4711935637
batch10,DRO(0.05),808801991.972321,12.658052921295166,801267212.8754547,138855934.15925705,0.17329541497268303,794284809.5106728,1125436113.544029,0.41511562323745055,41817342.67310217,0.875352509870276,0.0,0.0,3917369.1702990304
batch10,DRO(0.10),853862192.032258,12.775905132293701,812114247.3623021,139312974.10935006,0.171543566144579,804757361.8550382,1137875609.2464578,0.16864072194021426,32941926.820212398,0.8787366046249292,0.0,0.0,3861149.6740415236
batch10,DRO(0.20),1023300935.6158825,12.938363790512085,818952819.6145386,138118878.20493913,0.16865303457890085,812157361.8550383,1140792689.3105426,0.11111111111111108,13054639.29940667,0.8821206993795823,0.0,0.0,3861149.6740415236
batch10,ROB,1062741719.6962671,1.1184639930725098,800017186.5018325,174521103.7977788,0.21814669327404385,778648766.6996441,1239760682.5423853,0.11111111111111108,19668773.649568684,0.8618161308516635,0.11111111111111108,35055.55555555584,3922026.2031268277
